{
  "train_date": "2026-04-28T23:18:28.733948",
  "num_trades": 431,
  "feature_importance": {
    "score": 0.059274008669093395,
    "vix": 0.08300695283279708,
    "holding_minutes": 0.2754685305022246,
    "time_of_day": 0.11906577711410665,
    "day_of_week": 0.06562561047516885,
    "is_after_hours": 0.023405357648316437,
    "dim_trend": 0.04530054236245007,
    "dim_momentum": 0.03191470993802119,
    "dim_squeeze": 0.037836225856811734,
    "dim_flow": 0.04568894798630899,
    "dim_breakout": 0.011958171795472325,
    "dim_news": 0.03281865222731468,
    "dim_social": 0.01111101405683058,
    "dim_reversion": 0.0004776631588788749,
    "dim_overnight_drift": 0.03830659153174958,
    "dim_pead": 0.0,
    "dim_short_squeeze": 3.646953217200572e-05,
    "dim_catalyst": 0.0,
    "dim_analyst_revision": 0.0,
    "dim_iv_skew": 0.02054109619493997,
    "dim_fx_macro": 0.0004996211220127502,
    "dim_fx_momentum": 0.0008745626483764144,
    "dim_insider_buying": 0.03320996922044769,
    "dim_mtf": 0.029986518875099233,
    "regime_TRENDING_UP": 0.025032837917589274,
    "regime_TRENDING_DOWN": 0.0,
    "regime_RANGE_BOUND": 0.0002863799625182957,
    "regime_CAPITULATION": 0.0,
    "regime_RELIEF_RALLY": 0.008273788371299419
  }
}