{
  "n_live_trades": 10,
  "ready": false,
  "progress_pct": 20.0,
  "agreement_r": null,
  "agreement_label": "PENDING",
  "dim_comparison": {
    "trend": {
      "live": 0.215,
      "hist": -0.0092,
      "agree": false
    },
    "momentum": {
      "live": -0.2845,
      "hist": 0.0189,
      "agree": false
    },
    "squeeze": {
      "live": 0.4318,
      "hist": -0.0038,
      "agree": false
    },
    "flow": {
      "live": -0.2613,
      "hist": 0.0377,
      "agree": false
    },
    "breakout": {
      "live": 0.0,
      "hist": 0.0272,
      "agree": true
    },
    "mtf": {
      "live": -0.4062,
      "hist": 0.0386,
      "agree": false
    },
    "news": {
      "live": -0.2635,
      "hist": -0.0013,
      "agree": true
    },
    "social": {
      "live": 0.0,
      "hist": 0.0,
      "agree": true
    },
    "reversion": {
      "live": 0.1741,
      "hist": -0.0227,
      "agree": false
    }
  },
  "recommend_disable": false,
  "live_ic": {
    "trend": 0.2149980144655904,
    "momentum": -0.2844636008875038,
    "squeeze": 0.4318209636051491,
    "flow": -0.2613098319673951,
    "breakout": 0.0,
    "mtf": -0.40618119722996154,
    "news": -0.263545953215885,
    "social": 0.0,
    "reversion": 0.1740776559556978,
    "iv_skew": 0.0,
    "pead": 0.0,
    "short_squeeze": 0.0
  },
  "hist_ic": {
    "trend": -0.009152134024271433,
    "momentum": 0.018850888331586775,
    "squeeze": -0.003796686736262059,
    "flow": 0.037719386616174626,
    "breakout": 0.027157079415339933,
    "mtf": 0.038577180507195434,
    "news": -0.001257104434170963,
    "social": 0.0,
    "reversion": -0.0226768908667427,
    "iv_skew": 0.0,
    "pead": 0.0,
    "short_squeeze": 0.0
  },
  "timestamp": "2026-04-12T17:22:00.486631+00:00"
}