{
  "n_live_trades": 14,
  "ready": false,
  "progress_pct": 28.0,
  "agreement_r": null,
  "agreement_label": "PENDING",
  "dim_comparison": {
    "trend": {
      "live": 0.085,
      "hist": -0.0144,
      "agree": false
    },
    "momentum": {
      "live": -0.4119,
      "hist": 0.0073,
      "agree": false
    },
    "squeeze": {
      "live": 0.4079,
      "hist": -0.0031,
      "agree": false
    },
    "flow": {
      "live": -0.4451,
      "hist": 0.0251,
      "agree": false
    },
    "breakout": {
      "live": 0.0,
      "hist": 0.0275,
      "agree": true
    },
    "mtf": {
      "live": -0.209,
      "hist": 0.0361,
      "agree": false
    },
    "news": {
      "live": -0.2864,
      "hist": 0.055,
      "agree": false
    },
    "social": {
      "live": 0.1519,
      "hist": 0.0,
      "agree": true
    },
    "reversion": {
      "live": 0.0344,
      "hist": -0.0243,
      "agree": false
    }
  },
  "recommend_disable": false,
  "live_ic": {
    "trend": 0.08502540152475499,
    "momentum": -0.41192986951307714,
    "squeeze": 0.4078666469381175,
    "flow": -0.445061518552492,
    "breakout": 0.0,
    "mtf": -0.2090366085074662,
    "news": -0.2863962840844738,
    "social": 0.15191090506254998,
    "reversion": 0.034401045807689073,
    "iv_skew": 0.15191090506254998,
    "pead": 0.0,
    "short_squeeze": 0.15191090506254998
  },
  "hist_ic": {
    "trend": -0.014365286955911489,
    "momentum": 0.007272439721862367,
    "squeeze": -0.0031471698714302027,
    "flow": 0.025101338138202645,
    "breakout": 0.027466970063117248,
    "mtf": 0.0361385834565723,
    "news": 0.05502275222060637,
    "social": 0.0,
    "reversion": -0.024333879583616394,
    "iv_skew": 0.008669933169524115,
    "pead": 0.0,
    "short_squeeze": 0.041778087985189706
  },
  "timestamp": "2026-04-14T15:46:36.084621+00:00"
}