{
  "n_live_trades": 14,
  "ready": false,
  "progress_pct": 28.0,
  "agreement_r": null,
  "agreement_label": "PENDING",
  "dim_comparison": {
    "trend": {
      "live": 0.085,
      "hist": -0.0142,
      "agree": false
    },
    "momentum": {
      "live": -0.4119,
      "hist": 0.0076,
      "agree": false
    },
    "squeeze": {
      "live": 0.4079,
      "hist": -0.0031,
      "agree": false
    },
    "flow": {
      "live": -0.4451,
      "hist": 0.0255,
      "agree": false
    },
    "breakout": {
      "live": 0.0,
      "hist": 0.0273,
      "agree": true
    },
    "mtf": {
      "live": -0.209,
      "hist": 0.0362,
      "agree": false
    },
    "news": {
      "live": -0.2864,
      "hist": 0.0527,
      "agree": false
    },
    "social": {
      "live": 0.1519,
      "hist": 0.0,
      "agree": true
    },
    "reversion": {
      "live": 0.0344,
      "hist": -0.0243,
      "agree": false
    }
  },
  "recommend_disable": false,
  "live_ic": {
    "trend": 0.08502540152475499,
    "momentum": -0.41192986951307714,
    "squeeze": 0.4078666469381175,
    "flow": -0.445061518552492,
    "breakout": 0.0,
    "mtf": -0.2090366085074662,
    "news": -0.2863962840844738,
    "social": 0.15191090506254998,
    "reversion": 0.034401045807689073,
    "iv_skew": 0.15191090506254998,
    "pead": 0.0,
    "short_squeeze": 0.15191090506254998
  },
  "hist_ic": {
    "trend": -0.014245244444052847,
    "momentum": 0.007637611760092871,
    "squeeze": -0.003100963618571779,
    "flow": 0.02547973371340553,
    "breakout": 0.027290169298504228,
    "mtf": 0.03623843209570421,
    "news": 0.05266466159257957,
    "social": 0.0,
    "reversion": -0.024279281140722322,
    "iv_skew": 0.008450070828812417,
    "pead": 0.0,
    "short_squeeze": 0.04241902828028202
  },
  "timestamp": "2026-04-14T15:31:20.369198+00:00"
}